
INSERT INTO `xoops_quest_cac` (`IdCAC`, `LibelleCAC`, `LibelleCourtCac`) VALUES (1, 'G1 long', 'G1');
INSERT INTO `xoops_quest_cac` (`IdCAC`, `LibelleCAC`, `LibelleCourtCac`) VALUES (2, 'G2 long', 'G2');
INSERT INTO `xoops_quest_cac` (`IdCAC`, `LibelleCAC`, `LibelleCourtCac`) VALUES (3, 'G3 long', 'G3');
INSERT INTO `xoops_quest_cac` (`IdCAC`, `LibelleCAC`, `LibelleCourtCac`) VALUES (4, 'G4 long', 'G4');
INSERT INTO `xoops_quest_cac` (`IdCAC`, `LibelleCAC`, `LibelleCourtCac`) VALUES (5, 'G5 long', 'G5');
INSERT INTO `xoops_quest_cac` (`IdCAC`, `LibelleCAC`, `LibelleCourtCac`) VALUES (6, 'G6 long', 'G6');
INSERT INTO `xoops_quest_cac` (`IdCAC`, `LibelleCAC`, `LibelleCourtCac`) VALUES (7, 'G7 long', 'G7');
INSERT INTO `xoops_quest_cac` (`IdCAC`, `LibelleCAC`, `LibelleCourtCac`) VALUES (8, 'G8 long', 'G8');
INSERT INTO `xoops_quest_cac` (`IdCAC`, `LibelleCAC`, `LibelleCourtCac`) VALUES (9, 'G9 long', 'G9');
INSERT INTO `xoops_quest_cac` (`IdCAC`, `LibelleCAC`, `LibelleCourtCac`) VALUES (10, 'G10 long', 'G10');
INSERT INTO `xoops_quest_cac` (`IdCAC`, `LibelleCAC`, `LibelleCourtCac`) VALUES (11, 'D1 long', 'D1');
INSERT INTO `xoops_quest_cac` (`IdCAC`, `LibelleCAC`, `LibelleCourtCac`) VALUES (12, 'D2 long', 'D2');
INSERT INTO `xoops_quest_cac` (`IdCAC`, `LibelleCAC`, `LibelleCourtCac`) VALUES (13, 'D3 long', 'D3');
INSERT INTO `xoops_quest_cac` (`IdCAC`, `LibelleCAC`, `LibelleCourtCac`) VALUES (14, 'D4 long', 'D4');
INSERT INTO `xoops_quest_cac` (`IdCAC`, `LibelleCAC`, `LibelleCourtCac`) VALUES (15, 'D5 long', 'D5');
INSERT INTO `xoops_quest_cac` (`IdCAC`, `LibelleCAC`, `LibelleCourtCac`) VALUES (16, 'D6 long', 'D6');
INSERT INTO `xoops_quest_cac` (`IdCAC`, `LibelleCAC`, `LibelleCourtCac`) VALUES (17, 'D7 long', 'D7');
INSERT INTO `xoops_quest_cac` (`IdCAC`, `LibelleCAC`, `LibelleCourtCac`) VALUES (18, 'D8 long', 'D8');
INSERT INTO `xoops_quest_cac` (`IdCAC`, `LibelleCAC`, `LibelleCourtCac`) VALUES (19, 'D9 long', 'D9');
INSERT INTO `xoops_quest_cac` (`IdCAC`, `LibelleCAC`, `LibelleCourtCac`) VALUES (20, 'D10 long', 'D10');


INSERT INTO `xoops_quest_cac_categories` (`IdCac_categories`, `IdCAC`, `IdCategorie`, `DroiteGauche`, `Ordre`) VALUES (1, 1, 1, 2, 1);
INSERT INTO `xoops_quest_cac_categories` (`IdCac_categories`, `IdCAC`, `IdCategorie`, `DroiteGauche`, `Ordre`) VALUES (2, 2, 1, 2, 2);
INSERT INTO `xoops_quest_cac_categories` (`IdCac_categories`, `IdCAC`, `IdCategorie`, `DroiteGauche`, `Ordre`) VALUES (3, 3, 1, 2, 3);
INSERT INTO `xoops_quest_cac_categories` (`IdCac_categories`, `IdCAC`, `IdCategorie`, `DroiteGauche`, `Ordre`) VALUES (4, 4, 1, 2, 4);
INSERT INTO `xoops_quest_cac_categories` (`IdCac_categories`, `IdCAC`, `IdCategorie`, `DroiteGauche`, `Ordre`) VALUES (5, 5, 1, 2, 5);
INSERT INTO `xoops_quest_cac_categories` (`IdCac_categories`, `IdCAC`, `IdCategorie`, `DroiteGauche`, `Ordre`) VALUES (6, 6, 1, 2, 6);
INSERT INTO `xoops_quest_cac_categories` (`IdCac_categories`, `IdCAC`, `IdCategorie`, `DroiteGauche`, `Ordre`) VALUES (7, 7, 1, 2, 7);
INSERT INTO `xoops_quest_cac_categories` (`IdCac_categories`, `IdCAC`, `IdCategorie`, `DroiteGauche`, `Ordre`) VALUES (8, 8, 1, 2, 8);
INSERT INTO `xoops_quest_cac_categories` (`IdCac_categories`, `IdCAC`, `IdCategorie`, `DroiteGauche`, `Ordre`) VALUES (9, 9, 1, 2, 9);
INSERT INTO `xoops_quest_cac_categories` (`IdCac_categories`, `IdCAC`, `IdCategorie`, `DroiteGauche`, `Ordre`) VALUES (10, 10, 1, 2, 10);
INSERT INTO `xoops_quest_cac_categories` (`IdCac_categories`, `IdCAC`, `IdCategorie`, `DroiteGauche`, `Ordre`) VALUES (11, 11, 1, 1, 11);
INSERT INTO `xoops_quest_cac_categories` (`IdCac_categories`, `IdCAC`, `IdCategorie`, `DroiteGauche`, `Ordre`) VALUES (12, 12, 1, 1, 12);
INSERT INTO `xoops_quest_cac_categories` (`IdCac_categories`, `IdCAC`, `IdCategorie`, `DroiteGauche`, `Ordre`) VALUES (13, 13, 1, 1, 13);
INSERT INTO `xoops_quest_cac_categories` (`IdCac_categories`, `IdCAC`, `IdCategorie`, `DroiteGauche`, `Ordre`) VALUES (14, 14, 1, 1, 14);
INSERT INTO `xoops_quest_cac_categories` (`IdCac_categories`, `IdCAC`, `IdCategorie`, `DroiteGauche`, `Ordre`) VALUES (15, 15, 1, 1, 15);
INSERT INTO `xoops_quest_cac_categories` (`IdCac_categories`, `IdCAC`, `IdCategorie`, `DroiteGauche`, `Ordre`) VALUES (16, 16, 1, 1, 16);
INSERT INTO `xoops_quest_cac_categories` (`IdCac_categories`, `IdCAC`, `IdCategorie`, `DroiteGauche`, `Ordre`) VALUES (17, 17, 1, 1, 17);
INSERT INTO `xoops_quest_cac_categories` (`IdCac_categories`, `IdCAC`, `IdCategorie`, `DroiteGauche`, `Ordre`) VALUES (18, 18, 1, 1, 18);
INSERT INTO `xoops_quest_cac_categories` (`IdCac_categories`, `IdCAC`, `IdCategorie`, `DroiteGauche`, `Ordre`) VALUES (19, 19, 1, 1, 19);
INSERT INTO `xoops_quest_cac_categories` (`IdCac_categories`, `IdCAC`, `IdCategorie`, `DroiteGauche`, `Ordre`) VALUES (20, 20, 1, 1, 20);
INSERT INTO `xoops_quest_cac_categories` (`IdCac_categories`, `IdCAC`, `IdCategorie`, `DroiteGauche`, `Ordre`) VALUES (21, 1, 2, 2, 1);
INSERT INTO `xoops_quest_cac_categories` (`IdCac_categories`, `IdCAC`, `IdCategorie`, `DroiteGauche`, `Ordre`) VALUES (22, 2, 2, 2, 2);
INSERT INTO `xoops_quest_cac_categories` (`IdCac_categories`, `IdCAC`, `IdCategorie`, `DroiteGauche`, `Ordre`) VALUES (23, 3, 2, 2, 3);
INSERT INTO `xoops_quest_cac_categories` (`IdCac_categories`, `IdCAC`, `IdCategorie`, `DroiteGauche`, `Ordre`) VALUES (24, 4, 2, 2, 4);
INSERT INTO `xoops_quest_cac_categories` (`IdCac_categories`, `IdCAC`, `IdCategorie`, `DroiteGauche`, `Ordre`) VALUES (25, 5, 2, 2, 5);
INSERT INTO `xoops_quest_cac_categories` (`IdCac_categories`, `IdCAC`, `IdCategorie`, `DroiteGauche`, `Ordre`) VALUES (26, 6, 2, 2, 6);
INSERT INTO `xoops_quest_cac_categories` (`IdCac_categories`, `IdCAC`, `IdCategorie`, `DroiteGauche`, `Ordre`) VALUES (27, 7, 2, 2, 7);
INSERT INTO `xoops_quest_cac_categories` (`IdCac_categories`, `IdCAC`, `IdCategorie`, `DroiteGauche`, `Ordre`) VALUES (28, 8, 2, 2, 8);
INSERT INTO `xoops_quest_cac_categories` (`IdCac_categories`, `IdCAC`, `IdCategorie`, `DroiteGauche`, `Ordre`) VALUES (29, 9, 2, 2, 9);
INSERT INTO `xoops_quest_cac_categories` (`IdCac_categories`, `IdCAC`, `IdCategorie`, `DroiteGauche`, `Ordre`) VALUES (30, 10, 2, 2, 10);
INSERT INTO `xoops_quest_cac_categories` (`IdCac_categories`, `IdCAC`, `IdCategorie`, `DroiteGauche`, `Ordre`) VALUES (31, 11, 2, 1, 11);
INSERT INTO `xoops_quest_cac_categories` (`IdCac_categories`, `IdCAC`, `IdCategorie`, `DroiteGauche`, `Ordre`) VALUES (32, 12, 2, 1, 12);
INSERT INTO `xoops_quest_cac_categories` (`IdCac_categories`, `IdCAC`, `IdCategorie`, `DroiteGauche`, `Ordre`) VALUES (33, 13, 2, 1, 13);
INSERT INTO `xoops_quest_cac_categories` (`IdCac_categories`, `IdCAC`, `IdCategorie`, `DroiteGauche`, `Ordre`) VALUES (34, 14, 2, 1, 14);
INSERT INTO `xoops_quest_cac_categories` (`IdCac_categories`, `IdCAC`, `IdCategorie`, `DroiteGauche`, `Ordre`) VALUES (35, 15, 2, 1, 15);
INSERT INTO `xoops_quest_cac_categories` (`IdCac_categories`, `IdCAC`, `IdCategorie`, `DroiteGauche`, `Ordre`) VALUES (36, 16, 2, 1, 16);
INSERT INTO `xoops_quest_cac_categories` (`IdCac_categories`, `IdCAC`, `IdCategorie`, `DroiteGauche`, `Ordre`) VALUES (37, 17, 2, 1, 17);
INSERT INTO `xoops_quest_cac_categories` (`IdCac_categories`, `IdCAC`, `IdCategorie`, `DroiteGauche`, `Ordre`) VALUES (38, 18, 2, 1, 18);
INSERT INTO `xoops_quest_cac_categories` (`IdCac_categories`, `IdCAC`, `IdCategorie`, `DroiteGauche`, `Ordre`) VALUES (39, 19, 2, 1, 19);
INSERT INTO `xoops_quest_cac_categories` (`IdCac_categories`, `IdCAC`, `IdCategorie`, `DroiteGauche`, `Ordre`) VALUES (40, 20, 2, 1, 20);
INSERT INTO `xoops_quest_cac_categories` (`IdCac_categories`, `IdCAC`, `IdCategorie`, `DroiteGauche`, `Ordre`) VALUES (41, 1, 3, 2, 1);
INSERT INTO `xoops_quest_cac_categories` (`IdCac_categories`, `IdCAC`, `IdCategorie`, `DroiteGauche`, `Ordre`) VALUES (42, 2, 3, 2, 2);
INSERT INTO `xoops_quest_cac_categories` (`IdCac_categories`, `IdCAC`, `IdCategorie`, `DroiteGauche`, `Ordre`) VALUES (43, 3, 3, 2, 3);
INSERT INTO `xoops_quest_cac_categories` (`IdCac_categories`, `IdCAC`, `IdCategorie`, `DroiteGauche`, `Ordre`) VALUES (44, 4, 3, 2, 4);
INSERT INTO `xoops_quest_cac_categories` (`IdCac_categories`, `IdCAC`, `IdCategorie`, `DroiteGauche`, `Ordre`) VALUES (45, 5, 3, 2, 5);
INSERT INTO `xoops_quest_cac_categories` (`IdCac_categories`, `IdCAC`, `IdCategorie`, `DroiteGauche`, `Ordre`) VALUES (46, 6, 3, 2, 6);
INSERT INTO `xoops_quest_cac_categories` (`IdCac_categories`, `IdCAC`, `IdCategorie`, `DroiteGauche`, `Ordre`) VALUES (47, 7, 3, 2, 7);
INSERT INTO `xoops_quest_cac_categories` (`IdCac_categories`, `IdCAC`, `IdCategorie`, `DroiteGauche`, `Ordre`) VALUES (48, 8, 3, 2, 8);
INSERT INTO `xoops_quest_cac_categories` (`IdCac_categories`, `IdCAC`, `IdCategorie`, `DroiteGauche`, `Ordre`) VALUES (49, 9, 3, 2, 9);
INSERT INTO `xoops_quest_cac_categories` (`IdCac_categories`, `IdCAC`, `IdCategorie`, `DroiteGauche`, `Ordre`) VALUES (50, 10, 3, 2, 10);
INSERT INTO `xoops_quest_cac_categories` (`IdCac_categories`, `IdCAC`, `IdCategorie`, `DroiteGauche`, `Ordre`) VALUES (51, 11, 3, 1, 11);
INSERT INTO `xoops_quest_cac_categories` (`IdCac_categories`, `IdCAC`, `IdCategorie`, `DroiteGauche`, `Ordre`) VALUES (52, 12, 3, 1, 12);
INSERT INTO `xoops_quest_cac_categories` (`IdCac_categories`, `IdCAC`, `IdCategorie`, `DroiteGauche`, `Ordre`) VALUES (53, 13, 3, 1, 13);
INSERT INTO `xoops_quest_cac_categories` (`IdCac_categories`, `IdCAC`, `IdCategorie`, `DroiteGauche`, `Ordre`) VALUES (54, 14, 3, 1, 14);
INSERT INTO `xoops_quest_cac_categories` (`IdCac_categories`, `IdCAC`, `IdCategorie`, `DroiteGauche`, `Ordre`) VALUES (55, 15, 3, 1, 15);
INSERT INTO `xoops_quest_cac_categories` (`IdCac_categories`, `IdCAC`, `IdCategorie`, `DroiteGauche`, `Ordre`) VALUES (56, 16, 3, 1, 16);
INSERT INTO `xoops_quest_cac_categories` (`IdCac_categories`, `IdCAC`, `IdCategorie`, `DroiteGauche`, `Ordre`) VALUES (57, 17, 3, 1, 17);
INSERT INTO `xoops_quest_cac_categories` (`IdCac_categories`, `IdCAC`, `IdCategorie`, `DroiteGauche`, `Ordre`) VALUES (58, 18, 3, 1, 18);
INSERT INTO `xoops_quest_cac_categories` (`IdCac_categories`, `IdCAC`, `IdCategorie`, `DroiteGauche`, `Ordre`) VALUES (59, 19, 3, 1, 19);
INSERT INTO `xoops_quest_cac_categories` (`IdCac_categories`, `IdCAC`, `IdCategorie`, `DroiteGauche`, `Ordre`) VALUES (60, 20, 3, 1, 20);
INSERT INTO `xoops_quest_cac_categories` (`IdCac_categories`, `IdCAC`, `IdCategorie`, `DroiteGauche`, `Ordre`) VALUES (61, 1, 4, 2, 1);
INSERT INTO `xoops_quest_cac_categories` (`IdCac_categories`, `IdCAC`, `IdCategorie`, `DroiteGauche`, `Ordre`) VALUES (62, 2, 4, 2, 2);
INSERT INTO `xoops_quest_cac_categories` (`IdCac_categories`, `IdCAC`, `IdCategorie`, `DroiteGauche`, `Ordre`) VALUES (63, 3, 4, 2, 3);
INSERT INTO `xoops_quest_cac_categories` (`IdCac_categories`, `IdCAC`, `IdCategorie`, `DroiteGauche`, `Ordre`) VALUES (64, 4, 4, 2, 4);
INSERT INTO `xoops_quest_cac_categories` (`IdCac_categories`, `IdCAC`, `IdCategorie`, `DroiteGauche`, `Ordre`) VALUES (65, 5, 4, 2, 5);
INSERT INTO `xoops_quest_cac_categories` (`IdCac_categories`, `IdCAC`, `IdCategorie`, `DroiteGauche`, `Ordre`) VALUES (66, 6, 4, 2, 6);
INSERT INTO `xoops_quest_cac_categories` (`IdCac_categories`, `IdCAC`, `IdCategorie`, `DroiteGauche`, `Ordre`) VALUES (67, 7, 4, 2, 7);
INSERT INTO `xoops_quest_cac_categories` (`IdCac_categories`, `IdCAC`, `IdCategorie`, `DroiteGauche`, `Ordre`) VALUES (68, 8, 4, 2, 8);
INSERT INTO `xoops_quest_cac_categories` (`IdCac_categories`, `IdCAC`, `IdCategorie`, `DroiteGauche`, `Ordre`) VALUES (69, 9, 4, 2, 9);
INSERT INTO `xoops_quest_cac_categories` (`IdCac_categories`, `IdCAC`, `IdCategorie`, `DroiteGauche`, `Ordre`) VALUES (70, 10, 4, 2, 10);
INSERT INTO `xoops_quest_cac_categories` (`IdCac_categories`, `IdCAC`, `IdCategorie`, `DroiteGauche`, `Ordre`) VALUES (71, 11, 4, 1, 11);
INSERT INTO `xoops_quest_cac_categories` (`IdCac_categories`, `IdCAC`, `IdCategorie`, `DroiteGauche`, `Ordre`) VALUES (72, 12, 4, 1, 12);
INSERT INTO `xoops_quest_cac_categories` (`IdCac_categories`, `IdCAC`, `IdCategorie`, `DroiteGauche`, `Ordre`) VALUES (73, 13, 4, 1, 13);
INSERT INTO `xoops_quest_cac_categories` (`IdCac_categories`, `IdCAC`, `IdCategorie`, `DroiteGauche`, `Ordre`) VALUES (74, 14, 4, 1, 14);
INSERT INTO `xoops_quest_cac_categories` (`IdCac_categories`, `IdCAC`, `IdCategorie`, `DroiteGauche`, `Ordre`) VALUES (75, 15, 4, 1, 15);
INSERT INTO `xoops_quest_cac_categories` (`IdCac_categories`, `IdCAC`, `IdCategorie`, `DroiteGauche`, `Ordre`) VALUES (76, 16, 4, 1, 16);
INSERT INTO `xoops_quest_cac_categories` (`IdCac_categories`, `IdCAC`, `IdCategorie`, `DroiteGauche`, `Ordre`) VALUES (77, 17, 4, 1, 17);
INSERT INTO `xoops_quest_cac_categories` (`IdCac_categories`, `IdCAC`, `IdCategorie`, `DroiteGauche`, `Ordre`) VALUES (78, 18, 4, 1, 18);
INSERT INTO `xoops_quest_cac_categories` (`IdCac_categories`, `IdCAC`, `IdCategorie`, `DroiteGauche`, `Ordre`) VALUES (79, 19, 4, 1, 19);
INSERT INTO `xoops_quest_cac_categories` (`IdCac_categories`, `IdCAC`, `IdCategorie`, `DroiteGauche`, `Ordre`) VALUES (80, 20, 4, 1, 20);
INSERT INTO `xoops_quest_cac_categories` (`IdCac_categories`, `IdCAC`, `IdCategorie`, `DroiteGauche`, `Ordre`) VALUES (81, 1, 5, 2, 1);
INSERT INTO `xoops_quest_cac_categories` (`IdCac_categories`, `IdCAC`, `IdCategorie`, `DroiteGauche`, `Ordre`) VALUES (82, 2, 5, 2, 2);
INSERT INTO `xoops_quest_cac_categories` (`IdCac_categories`, `IdCAC`, `IdCategorie`, `DroiteGauche`, `Ordre`) VALUES (83, 3, 5, 2, 3);
INSERT INTO `xoops_quest_cac_categories` (`IdCac_categories`, `IdCAC`, `IdCategorie`, `DroiteGauche`, `Ordre`) VALUES (84, 4, 5, 2, 4);
INSERT INTO `xoops_quest_cac_categories` (`IdCac_categories`, `IdCAC`, `IdCategorie`, `DroiteGauche`, `Ordre`) VALUES (85, 5, 5, 2, 5);
INSERT INTO `xoops_quest_cac_categories` (`IdCac_categories`, `IdCAC`, `IdCategorie`, `DroiteGauche`, `Ordre`) VALUES (86, 6, 5, 2, 6);
INSERT INTO `xoops_quest_cac_categories` (`IdCac_categories`, `IdCAC`, `IdCategorie`, `DroiteGauche`, `Ordre`) VALUES (87, 7, 5, 2, 7);
INSERT INTO `xoops_quest_cac_categories` (`IdCac_categories`, `IdCAC`, `IdCategorie`, `DroiteGauche`, `Ordre`) VALUES (88, 8, 5, 2, 8);
INSERT INTO `xoops_quest_cac_categories` (`IdCac_categories`, `IdCAC`, `IdCategorie`, `DroiteGauche`, `Ordre`) VALUES (89, 9, 5, 2, 9);
INSERT INTO `xoops_quest_cac_categories` (`IdCac_categories`, `IdCAC`, `IdCategorie`, `DroiteGauche`, `Ordre`) VALUES (90, 10, 5, 2, 10);
INSERT INTO `xoops_quest_cac_categories` (`IdCac_categories`, `IdCAC`, `IdCategorie`, `DroiteGauche`, `Ordre`) VALUES (91, 11, 5, 1, 11);
INSERT INTO `xoops_quest_cac_categories` (`IdCac_categories`, `IdCAC`, `IdCategorie`, `DroiteGauche`, `Ordre`) VALUES (92, 12, 5, 1, 12);
INSERT INTO `xoops_quest_cac_categories` (`IdCac_categories`, `IdCAC`, `IdCategorie`, `DroiteGauche`, `Ordre`) VALUES (93, 13, 5, 1, 13);
INSERT INTO `xoops_quest_cac_categories` (`IdCac_categories`, `IdCAC`, `IdCategorie`, `DroiteGauche`, `Ordre`) VALUES (94, 14, 5, 1, 14);
INSERT INTO `xoops_quest_cac_categories` (`IdCac_categories`, `IdCAC`, `IdCategorie`, `DroiteGauche`, `Ordre`) VALUES (95, 15, 5, 1, 15);
INSERT INTO `xoops_quest_cac_categories` (`IdCac_categories`, `IdCAC`, `IdCategorie`, `DroiteGauche`, `Ordre`) VALUES (96, 16, 5, 1, 16);
INSERT INTO `xoops_quest_cac_categories` (`IdCac_categories`, `IdCAC`, `IdCategorie`, `DroiteGauche`, `Ordre`) VALUES (97, 17, 5, 1, 17);
INSERT INTO `xoops_quest_cac_categories` (`IdCac_categories`, `IdCAC`, `IdCategorie`, `DroiteGauche`, `Ordre`) VALUES (98, 18, 5, 1, 18);
INSERT INTO `xoops_quest_cac_categories` (`IdCac_categories`, `IdCAC`, `IdCategorie`, `DroiteGauche`, `Ordre`) VALUES (99, 19, 5, 1, 19);
INSERT INTO `xoops_quest_cac_categories` (`IdCac_categories`, `IdCAC`, `IdCategorie`, `DroiteGauche`, `Ordre`) VALUES (100, 20, 5, 1, 20);
INSERT INTO `xoops_quest_cac_categories` (`IdCac_categories`, `IdCAC`, `IdCategorie`, `DroiteGauche`, `Ordre`) VALUES (101, 1, 6, 2, 1);
INSERT INTO `xoops_quest_cac_categories` (`IdCac_categories`, `IdCAC`, `IdCategorie`, `DroiteGauche`, `Ordre`) VALUES (102, 2, 6, 2, 2);
INSERT INTO `xoops_quest_cac_categories` (`IdCac_categories`, `IdCAC`, `IdCategorie`, `DroiteGauche`, `Ordre`) VALUES (103, 3, 6, 2, 3);
INSERT INTO `xoops_quest_cac_categories` (`IdCac_categories`, `IdCAC`, `IdCategorie`, `DroiteGauche`, `Ordre`) VALUES (104, 4, 6, 2, 4);
INSERT INTO `xoops_quest_cac_categories` (`IdCac_categories`, `IdCAC`, `IdCategorie`, `DroiteGauche`, `Ordre`) VALUES (105, 5, 6, 2, 5);
INSERT INTO `xoops_quest_cac_categories` (`IdCac_categories`, `IdCAC`, `IdCategorie`, `DroiteGauche`, `Ordre`) VALUES (106, 6, 6, 2, 6);
INSERT INTO `xoops_quest_cac_categories` (`IdCac_categories`, `IdCAC`, `IdCategorie`, `DroiteGauche`, `Ordre`) VALUES (107, 7, 6, 2, 7);
INSERT INTO `xoops_quest_cac_categories` (`IdCac_categories`, `IdCAC`, `IdCategorie`, `DroiteGauche`, `Ordre`) VALUES (108, 8, 6, 2, 8);
INSERT INTO `xoops_quest_cac_categories` (`IdCac_categories`, `IdCAC`, `IdCategorie`, `DroiteGauche`, `Ordre`) VALUES (109, 9, 6, 2, 9);
INSERT INTO `xoops_quest_cac_categories` (`IdCac_categories`, `IdCAC`, `IdCategorie`, `DroiteGauche`, `Ordre`) VALUES (110, 10, 6, 2, 10);
INSERT INTO `xoops_quest_cac_categories` (`IdCac_categories`, `IdCAC`, `IdCategorie`, `DroiteGauche`, `Ordre`) VALUES (111, 11, 6, 1, 11);
INSERT INTO `xoops_quest_cac_categories` (`IdCac_categories`, `IdCAC`, `IdCategorie`, `DroiteGauche`, `Ordre`) VALUES (112, 12, 6, 1, 12);
INSERT INTO `xoops_quest_cac_categories` (`IdCac_categories`, `IdCAC`, `IdCategorie`, `DroiteGauche`, `Ordre`) VALUES (113, 13, 6, 1, 13);
INSERT INTO `xoops_quest_cac_categories` (`IdCac_categories`, `IdCAC`, `IdCategorie`, `DroiteGauche`, `Ordre`) VALUES (114, 14, 6, 1, 14);
INSERT INTO `xoops_quest_cac_categories` (`IdCac_categories`, `IdCAC`, `IdCategorie`, `DroiteGauche`, `Ordre`) VALUES (115, 15, 6, 1, 15);
INSERT INTO `xoops_quest_cac_categories` (`IdCac_categories`, `IdCAC`, `IdCategorie`, `DroiteGauche`, `Ordre`) VALUES (116, 16, 6, 1, 16);
INSERT INTO `xoops_quest_cac_categories` (`IdCac_categories`, `IdCAC`, `IdCategorie`, `DroiteGauche`, `Ordre`) VALUES (117, 17, 6, 1, 17);
INSERT INTO `xoops_quest_cac_categories` (`IdCac_categories`, `IdCAC`, `IdCategorie`, `DroiteGauche`, `Ordre`) VALUES (118, 18, 6, 1, 18);
INSERT INTO `xoops_quest_cac_categories` (`IdCac_categories`, `IdCAC`, `IdCategorie`, `DroiteGauche`, `Ordre`) VALUES (119, 19, 6, 1, 19);
INSERT INTO `xoops_quest_cac_categories` (`IdCac_categories`, `IdCAC`, `IdCategorie`, `DroiteGauche`, `Ordre`) VALUES (120, 20, 6, 1, 20);
INSERT INTO `xoops_quest_cac_categories` (`IdCac_categories`, `IdCAC`, `IdCategorie`, `DroiteGauche`, `Ordre`) VALUES (121, 1, 7, 2, 1);
INSERT INTO `xoops_quest_cac_categories` (`IdCac_categories`, `IdCAC`, `IdCategorie`, `DroiteGauche`, `Ordre`) VALUES (122, 2, 7, 2, 2);
INSERT INTO `xoops_quest_cac_categories` (`IdCac_categories`, `IdCAC`, `IdCategorie`, `DroiteGauche`, `Ordre`) VALUES (123, 3, 7, 2, 3);
INSERT INTO `xoops_quest_cac_categories` (`IdCac_categories`, `IdCAC`, `IdCategorie`, `DroiteGauche`, `Ordre`) VALUES (124, 4, 7, 2, 4);
INSERT INTO `xoops_quest_cac_categories` (`IdCac_categories`, `IdCAC`, `IdCategorie`, `DroiteGauche`, `Ordre`) VALUES (125, 5, 7, 2, 5);
INSERT INTO `xoops_quest_cac_categories` (`IdCac_categories`, `IdCAC`, `IdCategorie`, `DroiteGauche`, `Ordre`) VALUES (126, 6, 7, 2, 6);
INSERT INTO `xoops_quest_cac_categories` (`IdCac_categories`, `IdCAC`, `IdCategorie`, `DroiteGauche`, `Ordre`) VALUES (127, 7, 7, 2, 7);
INSERT INTO `xoops_quest_cac_categories` (`IdCac_categories`, `IdCAC`, `IdCategorie`, `DroiteGauche`, `Ordre`) VALUES (128, 8, 7, 2, 8);
INSERT INTO `xoops_quest_cac_categories` (`IdCac_categories`, `IdCAC`, `IdCategorie`, `DroiteGauche`, `Ordre`) VALUES (129, 9, 7, 2, 9);
INSERT INTO `xoops_quest_cac_categories` (`IdCac_categories`, `IdCAC`, `IdCategorie`, `DroiteGauche`, `Ordre`) VALUES (130, 10, 7, 2, 10);
INSERT INTO `xoops_quest_cac_categories` (`IdCac_categories`, `IdCAC`, `IdCategorie`, `DroiteGauche`, `Ordre`) VALUES (131, 11, 7, 1, 11);
INSERT INTO `xoops_quest_cac_categories` (`IdCac_categories`, `IdCAC`, `IdCategorie`, `DroiteGauche`, `Ordre`) VALUES (132, 12, 7, 1, 12);
INSERT INTO `xoops_quest_cac_categories` (`IdCac_categories`, `IdCAC`, `IdCategorie`, `DroiteGauche`, `Ordre`) VALUES (133, 13, 7, 1, 13);
INSERT INTO `xoops_quest_cac_categories` (`IdCac_categories`, `IdCAC`, `IdCategorie`, `DroiteGauche`, `Ordre`) VALUES (134, 14, 7, 1, 14);
INSERT INTO `xoops_quest_cac_categories` (`IdCac_categories`, `IdCAC`, `IdCategorie`, `DroiteGauche`, `Ordre`) VALUES (135, 15, 7, 1, 15);
INSERT INTO `xoops_quest_cac_categories` (`IdCac_categories`, `IdCAC`, `IdCategorie`, `DroiteGauche`, `Ordre`) VALUES (136, 16, 7, 1, 16);
INSERT INTO `xoops_quest_cac_categories` (`IdCac_categories`, `IdCAC`, `IdCategorie`, `DroiteGauche`, `Ordre`) VALUES (137, 17, 7, 1, 17);
INSERT INTO `xoops_quest_cac_categories` (`IdCac_categories`, `IdCAC`, `IdCategorie`, `DroiteGauche`, `Ordre`) VALUES (138, 18, 7, 1, 18);
INSERT INTO `xoops_quest_cac_categories` (`IdCac_categories`, `IdCAC`, `IdCategorie`, `DroiteGauche`, `Ordre`) VALUES (139, 19, 7, 1, 19);
INSERT INTO `xoops_quest_cac_categories` (`IdCac_categories`, `IdCAC`, `IdCategorie`, `DroiteGauche`, `Ordre`) VALUES (140, 20, 7, 1, 20);
INSERT INTO `xoops_quest_cac_categories` (`IdCac_categories`, `IdCAC`, `IdCategorie`, `DroiteGauche`, `Ordre`) VALUES (141, 1, 8, 2, 1);
INSERT INTO `xoops_quest_cac_categories` (`IdCac_categories`, `IdCAC`, `IdCategorie`, `DroiteGauche`, `Ordre`) VALUES (142, 2, 8, 2, 2);
INSERT INTO `xoops_quest_cac_categories` (`IdCac_categories`, `IdCAC`, `IdCategorie`, `DroiteGauche`, `Ordre`) VALUES (143, 3, 8, 2, 3);
INSERT INTO `xoops_quest_cac_categories` (`IdCac_categories`, `IdCAC`, `IdCategorie`, `DroiteGauche`, `Ordre`) VALUES (144, 4, 8, 2, 4);
INSERT INTO `xoops_quest_cac_categories` (`IdCac_categories`, `IdCAC`, `IdCategorie`, `DroiteGauche`, `Ordre`) VALUES (145, 5, 8, 2, 5);
INSERT INTO `xoops_quest_cac_categories` (`IdCac_categories`, `IdCAC`, `IdCategorie`, `DroiteGauche`, `Ordre`) VALUES (146, 6, 8, 2, 6);
INSERT INTO `xoops_quest_cac_categories` (`IdCac_categories`, `IdCAC`, `IdCategorie`, `DroiteGauche`, `Ordre`) VALUES (147, 7, 8, 2, 7);
INSERT INTO `xoops_quest_cac_categories` (`IdCac_categories`, `IdCAC`, `IdCategorie`, `DroiteGauche`, `Ordre`) VALUES (148, 8, 8, 2, 8);
INSERT INTO `xoops_quest_cac_categories` (`IdCac_categories`, `IdCAC`, `IdCategorie`, `DroiteGauche`, `Ordre`) VALUES (149, 9, 8, 2, 9);
INSERT INTO `xoops_quest_cac_categories` (`IdCac_categories`, `IdCAC`, `IdCategorie`, `DroiteGauche`, `Ordre`) VALUES (150, 10, 8, 2, 10);
INSERT INTO `xoops_quest_cac_categories` (`IdCac_categories`, `IdCAC`, `IdCategorie`, `DroiteGauche`, `Ordre`) VALUES (151, 11, 8, 1, 11);
INSERT INTO `xoops_quest_cac_categories` (`IdCac_categories`, `IdCAC`, `IdCategorie`, `DroiteGauche`, `Ordre`) VALUES (152, 12, 8, 1, 12);
INSERT INTO `xoops_quest_cac_categories` (`IdCac_categories`, `IdCAC`, `IdCategorie`, `DroiteGauche`, `Ordre`) VALUES (153, 13, 8, 1, 13);
INSERT INTO `xoops_quest_cac_categories` (`IdCac_categories`, `IdCAC`, `IdCategorie`, `DroiteGauche`, `Ordre`) VALUES (154, 14, 8, 1, 14);
INSERT INTO `xoops_quest_cac_categories` (`IdCac_categories`, `IdCAC`, `IdCategorie`, `DroiteGauche`, `Ordre`) VALUES (155, 15, 8, 1, 15);
INSERT INTO `xoops_quest_cac_categories` (`IdCac_categories`, `IdCAC`, `IdCategorie`, `DroiteGauche`, `Ordre`) VALUES (156, 16, 8, 1, 16);
INSERT INTO `xoops_quest_cac_categories` (`IdCac_categories`, `IdCAC`, `IdCategorie`, `DroiteGauche`, `Ordre`) VALUES (157, 17, 8, 1, 17);
INSERT INTO `xoops_quest_cac_categories` (`IdCac_categories`, `IdCAC`, `IdCategorie`, `DroiteGauche`, `Ordre`) VALUES (158, 18, 8, 1, 18);
INSERT INTO `xoops_quest_cac_categories` (`IdCac_categories`, `IdCAC`, `IdCategorie`, `DroiteGauche`, `Ordre`) VALUES (159, 19, 8, 1, 19);
INSERT INTO `xoops_quest_cac_categories` (`IdCac_categories`, `IdCAC`, `IdCategorie`, `DroiteGauche`, `Ordre`) VALUES (160, 20, 8, 1, 20);
INSERT INTO `xoops_quest_cac_categories` (`IdCac_categories`, `IdCAC`, `IdCategorie`, `DroiteGauche`, `Ordre`) VALUES (161, 1, 9, 2, 1);
INSERT INTO `xoops_quest_cac_categories` (`IdCac_categories`, `IdCAC`, `IdCategorie`, `DroiteGauche`, `Ordre`) VALUES (162, 2, 9, 2, 2);
INSERT INTO `xoops_quest_cac_categories` (`IdCac_categories`, `IdCAC`, `IdCategorie`, `DroiteGauche`, `Ordre`) VALUES (163, 3, 9, 2, 3);
INSERT INTO `xoops_quest_cac_categories` (`IdCac_categories`, `IdCAC`, `IdCategorie`, `DroiteGauche`, `Ordre`) VALUES (164, 4, 9, 2, 4);
INSERT INTO `xoops_quest_cac_categories` (`IdCac_categories`, `IdCAC`, `IdCategorie`, `DroiteGauche`, `Ordre`) VALUES (165, 5, 9, 2, 5);
INSERT INTO `xoops_quest_cac_categories` (`IdCac_categories`, `IdCAC`, `IdCategorie`, `DroiteGauche`, `Ordre`) VALUES (166, 6, 9, 2, 6);
INSERT INTO `xoops_quest_cac_categories` (`IdCac_categories`, `IdCAC`, `IdCategorie`, `DroiteGauche`, `Ordre`) VALUES (167, 7, 9, 2, 7);
INSERT INTO `xoops_quest_cac_categories` (`IdCac_categories`, `IdCAC`, `IdCategorie`, `DroiteGauche`, `Ordre`) VALUES (168, 8, 9, 2, 8);
INSERT INTO `xoops_quest_cac_categories` (`IdCac_categories`, `IdCAC`, `IdCategorie`, `DroiteGauche`, `Ordre`) VALUES (169, 9, 9, 2, 9);
INSERT INTO `xoops_quest_cac_categories` (`IdCac_categories`, `IdCAC`, `IdCategorie`, `DroiteGauche`, `Ordre`) VALUES (170, 10, 9, 2, 10);
INSERT INTO `xoops_quest_cac_categories` (`IdCac_categories`, `IdCAC`, `IdCategorie`, `DroiteGauche`, `Ordre`) VALUES (171, 11, 9, 1, 11);
INSERT INTO `xoops_quest_cac_categories` (`IdCac_categories`, `IdCAC`, `IdCategorie`, `DroiteGauche`, `Ordre`) VALUES (172, 12, 9, 1, 12);
INSERT INTO `xoops_quest_cac_categories` (`IdCac_categories`, `IdCAC`, `IdCategorie`, `DroiteGauche`, `Ordre`) VALUES (173, 13, 9, 1, 13);
INSERT INTO `xoops_quest_cac_categories` (`IdCac_categories`, `IdCAC`, `IdCategorie`, `DroiteGauche`, `Ordre`) VALUES (174, 14, 9, 1, 14);
INSERT INTO `xoops_quest_cac_categories` (`IdCac_categories`, `IdCAC`, `IdCategorie`, `DroiteGauche`, `Ordre`) VALUES (175, 15, 9, 1, 15);
INSERT INTO `xoops_quest_cac_categories` (`IdCac_categories`, `IdCAC`, `IdCategorie`, `DroiteGauche`, `Ordre`) VALUES (176, 16, 9, 1, 16);
INSERT INTO `xoops_quest_cac_categories` (`IdCac_categories`, `IdCAC`, `IdCategorie`, `DroiteGauche`, `Ordre`) VALUES (177, 17, 9, 1, 17);
INSERT INTO `xoops_quest_cac_categories` (`IdCac_categories`, `IdCAC`, `IdCategorie`, `DroiteGauche`, `Ordre`) VALUES (178, 18, 9, 1, 18);
INSERT INTO `xoops_quest_cac_categories` (`IdCac_categories`, `IdCAC`, `IdCategorie`, `DroiteGauche`, `Ordre`) VALUES (179, 19, 9, 1, 19);
INSERT INTO `xoops_quest_cac_categories` (`IdCac_categories`, `IdCAC`, `IdCategorie`, `DroiteGauche`, `Ordre`) VALUES (180, 20, 9, 1, 20);
INSERT INTO `xoops_quest_cac_categories` (`IdCac_categories`, `IdCAC`, `IdCategorie`, `DroiteGauche`, `Ordre`) VALUES (181, 1, 10, 2, 1);
INSERT INTO `xoops_quest_cac_categories` (`IdCac_categories`, `IdCAC`, `IdCategorie`, `DroiteGauche`, `Ordre`) VALUES (182, 2, 10, 2, 2);
INSERT INTO `xoops_quest_cac_categories` (`IdCac_categories`, `IdCAC`, `IdCategorie`, `DroiteGauche`, `Ordre`) VALUES (183, 3, 10, 2, 3);
INSERT INTO `xoops_quest_cac_categories` (`IdCac_categories`, `IdCAC`, `IdCategorie`, `DroiteGauche`, `Ordre`) VALUES (184, 4, 10, 2, 4);
INSERT INTO `xoops_quest_cac_categories` (`IdCac_categories`, `IdCAC`, `IdCategorie`, `DroiteGauche`, `Ordre`) VALUES (185, 5, 10, 2, 5);
INSERT INTO `xoops_quest_cac_categories` (`IdCac_categories`, `IdCAC`, `IdCategorie`, `DroiteGauche`, `Ordre`) VALUES (186, 6, 10, 2, 6);
INSERT INTO `xoops_quest_cac_categories` (`IdCac_categories`, `IdCAC`, `IdCategorie`, `DroiteGauche`, `Ordre`) VALUES (187, 7, 10, 2, 7);
INSERT INTO `xoops_quest_cac_categories` (`IdCac_categories`, `IdCAC`, `IdCategorie`, `DroiteGauche`, `Ordre`) VALUES (188, 8, 10, 2, 8);
INSERT INTO `xoops_quest_cac_categories` (`IdCac_categories`, `IdCAC`, `IdCategorie`, `DroiteGauche`, `Ordre`) VALUES (189, 9, 10, 2, 9);
INSERT INTO `xoops_quest_cac_categories` (`IdCac_categories`, `IdCAC`, `IdCategorie`, `DroiteGauche`, `Ordre`) VALUES (190, 10, 10, 2, 10);
INSERT INTO `xoops_quest_cac_categories` (`IdCac_categories`, `IdCAC`, `IdCategorie`, `DroiteGauche`, `Ordre`) VALUES (191, 11, 10, 1, 11);
INSERT INTO `xoops_quest_cac_categories` (`IdCac_categories`, `IdCAC`, `IdCategorie`, `DroiteGauche`, `Ordre`) VALUES (192, 12, 10, 1, 12);
INSERT INTO `xoops_quest_cac_categories` (`IdCac_categories`, `IdCAC`, `IdCategorie`, `DroiteGauche`, `Ordre`) VALUES (193, 13, 10, 1, 13);
INSERT INTO `xoops_quest_cac_categories` (`IdCac_categories`, `IdCAC`, `IdCategorie`, `DroiteGauche`, `Ordre`) VALUES (194, 14, 10, 1, 14);
INSERT INTO `xoops_quest_cac_categories` (`IdCac_categories`, `IdCAC`, `IdCategorie`, `DroiteGauche`, `Ordre`) VALUES (195, 15, 10, 1, 15);
INSERT INTO `xoops_quest_cac_categories` (`IdCac_categories`, `IdCAC`, `IdCategorie`, `DroiteGauche`, `Ordre`) VALUES (196, 16, 10, 1, 16);
INSERT INTO `xoops_quest_cac_categories` (`IdCac_categories`, `IdCAC`, `IdCategorie`, `DroiteGauche`, `Ordre`) VALUES (197, 17, 10, 1, 17);
INSERT INTO `xoops_quest_cac_categories` (`IdCac_categories`, `IdCAC`, `IdCategorie`, `DroiteGauche`, `Ordre`) VALUES (198, 18, 10, 1, 18);
INSERT INTO `xoops_quest_cac_categories` (`IdCac_categories`, `IdCAC`, `IdCategorie`, `DroiteGauche`, `Ordre`) VALUES (199, 19, 10, 1, 19);
INSERT INTO `xoops_quest_cac_categories` (`IdCac_categories`, `IdCAC`, `IdCategorie`, `DroiteGauche`, `Ordre`) VALUES (200, 20, 10, 1, 20);


INSERT INTO `xoops_quest_categories` (`IdCategorie`, `IdQuestionnaire`, `LibelleCategorie`, `LibelleCompltCategorie`, `OrdreCategorie`, `AfficherDroite`, `AfficherGauche`, `comment1`, `comment2`, `comment3`, `comment1mandatory`, `comment2mandatory`, `comment3mandatory`) VALUES (1, 1, 'Catégorie 01', 'Catégorie 01 bla bla', 1, 1, 1, '', '', '', 1, 1, 1);
INSERT INTO `xoops_quest_categories` (`IdCategorie`, `IdQuestionnaire`, `LibelleCategorie`, `LibelleCompltCategorie`, `OrdreCategorie`, `AfficherDroite`, `AfficherGauche`, `comment1`, `comment2`, `comment3`, `comment1mandatory`, `comment2mandatory`, `comment3mandatory`) VALUES (2, 1, 'Catégorie 02', 'Catégorie 02 bla bla', 2, 1, 1, 'commentaire1', 'commentaire2', 'commentaire3', 1, 1, 1);
INSERT INTO `xoops_quest_categories` (`IdCategorie`, `IdQuestionnaire`, `LibelleCategorie`, `LibelleCompltCategorie`, `OrdreCategorie`, `AfficherDroite`, `AfficherGauche`, `comment1`, `comment2`, `comment3`, `comment1mandatory`, `comment2mandatory`, `comment3mandatory`) VALUES (3, 1, 'Catégorie 03', 'Catégorie 03 bla bla', 3, 1, 1, 'commentaire1', 'commentaire2', 'commentaire3', 1, 1, 1);
INSERT INTO `xoops_quest_categories` (`IdCategorie`, `IdQuestionnaire`, `LibelleCategorie`, `LibelleCompltCategorie`, `OrdreCategorie`, `AfficherDroite`, `AfficherGauche`, `comment1`, `comment2`, `comment3`, `comment1mandatory`, `comment2mandatory`, `comment3mandatory`) VALUES (4, 1, 'Catégorie 04', 'Catégorie 04 bla bla', 4, 1, 1, 'commentaire1', 'commentaire2', 'commentaire3', 1, 1, 1);
INSERT INTO `xoops_quest_categories` (`IdCategorie`, `IdQuestionnaire`, `LibelleCategorie`, `LibelleCompltCategorie`, `OrdreCategorie`, `AfficherDroite`, `AfficherGauche`, `comment1`, `comment2`, `comment3`, `comment1mandatory`, `comment2mandatory`, `comment3mandatory`) VALUES (5, 1, 'Catégorie 05', 'Catégorie 05 bla bla', 5, 1, 1, 'commentaire1', 'commentaire2', 'commentaire3', 1, 1, 1);
INSERT INTO `xoops_quest_categories` (`IdCategorie`, `IdQuestionnaire`, `LibelleCategorie`, `LibelleCompltCategorie`, `OrdreCategorie`, `AfficherDroite`, `AfficherGauche`, `comment1`, `comment2`, `comment3`, `comment1mandatory`, `comment2mandatory`, `comment3mandatory`) VALUES (6, 1, 'Catégorie 06', 'Catégorie 06 bla bla', 6, 1, 1, 'commentaire1', 'commentaire2', 'commentaire3', 1, 1, 1);
INSERT INTO `xoops_quest_categories` (`IdCategorie`, `IdQuestionnaire`, `LibelleCategorie`, `LibelleCompltCategorie`, `OrdreCategorie`, `AfficherDroite`, `AfficherGauche`, `comment1`, `comment2`, `comment3`, `comment1mandatory`, `comment2mandatory`, `comment3mandatory`) VALUES (7, 1, 'Catégorie 07', 'Catégorie 07 bla bla', 7, 1, 1, 'commentaire1', 'commentaire2', 'commentaire3', 1, 1, 1);
INSERT INTO `xoops_quest_categories` (`IdCategorie`, `IdQuestionnaire`, `LibelleCategorie`, `LibelleCompltCategorie`, `OrdreCategorie`, `AfficherDroite`, `AfficherGauche`, `comment1`, `comment2`, `comment3`, `comment1mandatory`, `comment2mandatory`, `comment3mandatory`) VALUES (8, 1, 'Catégorie 08', 'Catégorie 08 bla bla', 8, 1, 1, 'commentaire1', 'commentaire2', 'commentaire3', 1, 1, 1);
INSERT INTO `xoops_quest_categories` (`IdCategorie`, `IdQuestionnaire`, `LibelleCategorie`, `LibelleCompltCategorie`, `OrdreCategorie`, `AfficherDroite`, `AfficherGauche`, `comment1`, `comment2`, `comment3`, `comment1mandatory`, `comment2mandatory`, `comment3mandatory`) VALUES (9, 1, 'Catégorie 09', 'Catégorie 09 bla bla', 9, 1, 1, 'commentaire1', 'commentaire2', 'commentaire3', 1, 1, 1);
INSERT INTO `xoops_quest_categories` (`IdCategorie`, `IdQuestionnaire`, `LibelleCategorie`, `LibelleCompltCategorie`, `OrdreCategorie`, `AfficherDroite`, `AfficherGauche`, `comment1`, `comment2`, `comment3`, `comment1mandatory`, `comment2mandatory`, `comment3mandatory`) VALUES (10, 1, 'Catégorie 10', 'Catégorie 10 bla bla', 10, 1, 1, 'commentaire1', 'commentaire2', 'commentaire3', 1, 1, 1);


INSERT INTO `xoops_quest_enquetes` (`IdEnquete`, `NomEnquete`, `PrenomEnquete`, `TypeEnquete`, `login`, `password`) VALUES (1, 'Thouzard', 'Hervé', 1, 'hthouzard', '4efc486b1380fbfcfafa7930f64e1d83');


INSERT INTO `xoops_quest_questionnaires` (`IdQuestionnaire`, `LibelleQuestionnaire`, `IdEnquete`, `DateOuverture`, `DateFermeture`, `NbSessions`, `Etat`, `ltor`, `SujetRelance`, `CorpsRelance`, `SujetOuverture`, `CorpsOuverture`, `FrequenceRelances`, `DerniereRelance`, `ReplyTo`, `Groupe`, `PartnerGroup`, `RelancesOption`) VALUES (1, 'Questionnaire n°1', 1, 1146921837, 1179183661, 1, 1, 0, 'Vous n''avez pas répondu', 'Lorem ipsum dolor sit amet, consectetuer adipiscing elit, sed diam nonummy nibh euismod tincidunt ut laoreet dolore magna aliquam erat volutpat. Ut wisi enim ad minim veniam, quis nostrud exerci tation ullamcorper suscipit lobortis nisl ut aliquip ex ea commodo consequat. Duis autem vel eum iriure dolor in hendrerit in vulputate velit esse molestie consequat, vel illum dolore eu feugiat nulla facilisis at vero eros et accumsan et iusto odio dignissim qui blandit praesent luptatum zzril delenit augue duis dolore te feugait nulla facilisi.\r\n\r\n', 'Questionnaire en ligne', 'Lorem ipsum dolor sit amet, consectetuer adipiscing elit, sed diam nonummy nibh euismod tincidunt ut laoreet dolore magna aliquam erat volutpat. Ut wisi enim ad minim veniam, quis nostrud exerci tation ullamcorper suscipit lobortis nisl ut aliquip ex ea commodo consequat. Duis autem vel eum iriure dolor in hendrerit in vulputate velit esse molestie consequat, vel illum dolore eu feugiat nulla facilisis at vero eros et accumsan et iusto odio dignissim qui blandit praesent luptatum zzril delenit augue duis dolore te feugait nulla facilisi.\r\n\r\n', 5, 0, 'herve@herve-thouzard.com', 1, 1, 1);


INSERT INTO `xoops_quest_questions` (`IdQuestion`, `IdQuestionnaire`, `IdCategorie`, `TexteQuestion`, `OrdreQuestion`, `ComplementQuestion`) VALUES (1, 1, 1, 'Question1', 1, 'Complement1');
INSERT INTO `xoops_quest_questions` (`IdQuestion`, `IdQuestionnaire`, `IdCategorie`, `TexteQuestion`, `OrdreQuestion`, `ComplementQuestion`) VALUES (2, 1, 1, 'Question2', 2, 'Complement2');
INSERT INTO `xoops_quest_questions` (`IdQuestion`, `IdQuestionnaire`, `IdCategorie`, `TexteQuestion`, `OrdreQuestion`, `ComplementQuestion`) VALUES (3, 1, 1, 'Question3', 3, 'Complement3');
INSERT INTO `xoops_quest_questions` (`IdQuestion`, `IdQuestionnaire`, `IdCategorie`, `TexteQuestion`, `OrdreQuestion`, `ComplementQuestion`) VALUES (4, 1, 1, 'Question4', 4, 'Complement4');
INSERT INTO `xoops_quest_questions` (`IdQuestion`, `IdQuestionnaire`, `IdCategorie`, `TexteQuestion`, `OrdreQuestion`, `ComplementQuestion`) VALUES (5, 1, 1, 'Question5', 5, 'Complement5');
INSERT INTO `xoops_quest_questions` (`IdQuestion`, `IdQuestionnaire`, `IdCategorie`, `TexteQuestion`, `OrdreQuestion`, `ComplementQuestion`) VALUES (6, 1, 2, 'Question1', 1, 'Complement6');
INSERT INTO `xoops_quest_questions` (`IdQuestion`, `IdQuestionnaire`, `IdCategorie`, `TexteQuestion`, `OrdreQuestion`, `ComplementQuestion`) VALUES (7, 1, 2, 'Question2', 2, 'Complement7');
INSERT INTO `xoops_quest_questions` (`IdQuestion`, `IdQuestionnaire`, `IdCategorie`, `TexteQuestion`, `OrdreQuestion`, `ComplementQuestion`) VALUES (8, 1, 2, 'Question3', 3, 'Complement8');
INSERT INTO `xoops_quest_questions` (`IdQuestion`, `IdQuestionnaire`, `IdCategorie`, `TexteQuestion`, `OrdreQuestion`, `ComplementQuestion`) VALUES (9, 1, 2, 'Question4', 4, 'Complement9');
INSERT INTO `xoops_quest_questions` (`IdQuestion`, `IdQuestionnaire`, `IdCategorie`, `TexteQuestion`, `OrdreQuestion`, `ComplementQuestion`) VALUES (10, 1, 2, 'Question5', 5, 'Complement10');
INSERT INTO `xoops_quest_questions` (`IdQuestion`, `IdQuestionnaire`, `IdCategorie`, `TexteQuestion`, `OrdreQuestion`, `ComplementQuestion`) VALUES (11, 1, 3, 'Question1', 1, 'Complement11');
INSERT INTO `xoops_quest_questions` (`IdQuestion`, `IdQuestionnaire`, `IdCategorie`, `TexteQuestion`, `OrdreQuestion`, `ComplementQuestion`) VALUES (12, 1, 3, 'Question2', 2, 'Complement12');
INSERT INTO `xoops_quest_questions` (`IdQuestion`, `IdQuestionnaire`, `IdCategorie`, `TexteQuestion`, `OrdreQuestion`, `ComplementQuestion`) VALUES (13, 1, 3, 'Question3', 3, 'Complement13');
INSERT INTO `xoops_quest_questions` (`IdQuestion`, `IdQuestionnaire`, `IdCategorie`, `TexteQuestion`, `OrdreQuestion`, `ComplementQuestion`) VALUES (14, 1, 3, 'Question4', 4, 'Complement14');
INSERT INTO `xoops_quest_questions` (`IdQuestion`, `IdQuestionnaire`, `IdCategorie`, `TexteQuestion`, `OrdreQuestion`, `ComplementQuestion`) VALUES (15, 1, 3, 'Question5', 5, 'Complement15');
INSERT INTO `xoops_quest_questions` (`IdQuestion`, `IdQuestionnaire`, `IdCategorie`, `TexteQuestion`, `OrdreQuestion`, `ComplementQuestion`) VALUES (16, 1, 4, 'Question1', 1, 'Complement16');
INSERT INTO `xoops_quest_questions` (`IdQuestion`, `IdQuestionnaire`, `IdCategorie`, `TexteQuestion`, `OrdreQuestion`, `ComplementQuestion`) VALUES (17, 1, 4, 'Question2', 2, 'Complement17');
INSERT INTO `xoops_quest_questions` (`IdQuestion`, `IdQuestionnaire`, `IdCategorie`, `TexteQuestion`, `OrdreQuestion`, `ComplementQuestion`) VALUES (18, 1, 4, 'Question3', 3, 'Complement18');
INSERT INTO `xoops_quest_questions` (`IdQuestion`, `IdQuestionnaire`, `IdCategorie`, `TexteQuestion`, `OrdreQuestion`, `ComplementQuestion`) VALUES (19, 1, 4, 'Question4', 4, 'Complement19');
INSERT INTO `xoops_quest_questions` (`IdQuestion`, `IdQuestionnaire`, `IdCategorie`, `TexteQuestion`, `OrdreQuestion`, `ComplementQuestion`) VALUES (20, 1, 4, 'Question5', 5, 'Complement20');
INSERT INTO `xoops_quest_questions` (`IdQuestion`, `IdQuestionnaire`, `IdCategorie`, `TexteQuestion`, `OrdreQuestion`, `ComplementQuestion`) VALUES (21, 1, 5, 'Question1', 1, 'Complement21');
INSERT INTO `xoops_quest_questions` (`IdQuestion`, `IdQuestionnaire`, `IdCategorie`, `TexteQuestion`, `OrdreQuestion`, `ComplementQuestion`) VALUES (22, 1, 5, 'Question2', 2, 'Complement23');
INSERT INTO `xoops_quest_questions` (`IdQuestion`, `IdQuestionnaire`, `IdCategorie`, `TexteQuestion`, `OrdreQuestion`, `ComplementQuestion`) VALUES (23, 1, 5, 'Question3', 3, 'Complement24');
INSERT INTO `xoops_quest_questions` (`IdQuestion`, `IdQuestionnaire`, `IdCategorie`, `TexteQuestion`, `OrdreQuestion`, `ComplementQuestion`) VALUES (24, 1, 5, 'Question4', 4, 'Complement25');
INSERT INTO `xoops_quest_questions` (`IdQuestion`, `IdQuestionnaire`, `IdCategorie`, `TexteQuestion`, `OrdreQuestion`, `ComplementQuestion`) VALUES (25, 1, 5, 'Question5', 5, 'Complement26');
INSERT INTO `xoops_quest_questions` (`IdQuestion`, `IdQuestionnaire`, `IdCategorie`, `TexteQuestion`, `OrdreQuestion`, `ComplementQuestion`) VALUES (26, 1, 6, 'Question1', 1, 'Complement27');
INSERT INTO `xoops_quest_questions` (`IdQuestion`, `IdQuestionnaire`, `IdCategorie`, `TexteQuestion`, `OrdreQuestion`, `ComplementQuestion`) VALUES (27, 1, 6, 'Question2', 2, 'Complement28');
INSERT INTO `xoops_quest_questions` (`IdQuestion`, `IdQuestionnaire`, `IdCategorie`, `TexteQuestion`, `OrdreQuestion`, `ComplementQuestion`) VALUES (28, 1, 6, 'Question3', 3, 'Complement29');
INSERT INTO `xoops_quest_questions` (`IdQuestion`, `IdQuestionnaire`, `IdCategorie`, `TexteQuestion`, `OrdreQuestion`, `ComplementQuestion`) VALUES (29, 1, 6, 'Question4', 4, 'Complement30');
INSERT INTO `xoops_quest_questions` (`IdQuestion`, `IdQuestionnaire`, `IdCategorie`, `TexteQuestion`, `OrdreQuestion`, `ComplementQuestion`) VALUES (30, 1, 6, 'Question5', 5, 'Complement31');
INSERT INTO `xoops_quest_questions` (`IdQuestion`, `IdQuestionnaire`, `IdCategorie`, `TexteQuestion`, `OrdreQuestion`, `ComplementQuestion`) VALUES (31, 1, 7, 'Question1', 1, 'Complement32');
INSERT INTO `xoops_quest_questions` (`IdQuestion`, `IdQuestionnaire`, `IdCategorie`, `TexteQuestion`, `OrdreQuestion`, `ComplementQuestion`) VALUES (32, 1, 7, 'Question2', 2, 'Complement33');
INSERT INTO `xoops_quest_questions` (`IdQuestion`, `IdQuestionnaire`, `IdCategorie`, `TexteQuestion`, `OrdreQuestion`, `ComplementQuestion`) VALUES (33, 1, 7, 'Question3', 3, 'Complement34');
INSERT INTO `xoops_quest_questions` (`IdQuestion`, `IdQuestionnaire`, `IdCategorie`, `TexteQuestion`, `OrdreQuestion`, `ComplementQuestion`) VALUES (34, 1, 7, 'Question4', 4, 'Complement35');
INSERT INTO `xoops_quest_questions` (`IdQuestion`, `IdQuestionnaire`, `IdCategorie`, `TexteQuestion`, `OrdreQuestion`, `ComplementQuestion`) VALUES (35, 1, 7, 'Question5', 5, 'Complement36');
INSERT INTO `xoops_quest_questions` (`IdQuestion`, `IdQuestionnaire`, `IdCategorie`, `TexteQuestion`, `OrdreQuestion`, `ComplementQuestion`) VALUES (36, 1, 8, 'Question1', 1, 'Complement37');
INSERT INTO `xoops_quest_questions` (`IdQuestion`, `IdQuestionnaire`, `IdCategorie`, `TexteQuestion`, `OrdreQuestion`, `ComplementQuestion`) VALUES (37, 1, 8, 'Question2', 2, 'Complement38');
INSERT INTO `xoops_quest_questions` (`IdQuestion`, `IdQuestionnaire`, `IdCategorie`, `TexteQuestion`, `OrdreQuestion`, `ComplementQuestion`) VALUES (38, 1, 8, 'Question3', 3, 'Complement39');
INSERT INTO `xoops_quest_questions` (`IdQuestion`, `IdQuestionnaire`, `IdCategorie`, `TexteQuestion`, `OrdreQuestion`, `ComplementQuestion`) VALUES (39, 1, 8, 'Question4', 4, 'Complement40');
INSERT INTO `xoops_quest_questions` (`IdQuestion`, `IdQuestionnaire`, `IdCategorie`, `TexteQuestion`, `OrdreQuestion`, `ComplementQuestion`) VALUES (40, 1, 8, 'Question5', 5, 'Complement41');
INSERT INTO `xoops_quest_questions` (`IdQuestion`, `IdQuestionnaire`, `IdCategorie`, `TexteQuestion`, `OrdreQuestion`, `ComplementQuestion`) VALUES (41, 1, 9, 'Question1', 1, 'Complement42');
INSERT INTO `xoops_quest_questions` (`IdQuestion`, `IdQuestionnaire`, `IdCategorie`, `TexteQuestion`, `OrdreQuestion`, `ComplementQuestion`) VALUES (42, 1, 9, 'Question2', 2, 'Complement43');
INSERT INTO `xoops_quest_questions` (`IdQuestion`, `IdQuestionnaire`, `IdCategorie`, `TexteQuestion`, `OrdreQuestion`, `ComplementQuestion`) VALUES (43, 1, 9, 'Question3', 3, 'Complement44');
INSERT INTO `xoops_quest_questions` (`IdQuestion`, `IdQuestionnaire`, `IdCategorie`, `TexteQuestion`, `OrdreQuestion`, `ComplementQuestion`) VALUES (44, 1, 9, 'Question4', 4, 'Complement45');
INSERT INTO `xoops_quest_questions` (`IdQuestion`, `IdQuestionnaire`, `IdCategorie`, `TexteQuestion`, `OrdreQuestion`, `ComplementQuestion`) VALUES (45, 1, 9, 'Question5', 5, 'Complement46');
INSERT INTO `xoops_quest_questions` (`IdQuestion`, `IdQuestionnaire`, `IdCategorie`, `TexteQuestion`, `OrdreQuestion`, `ComplementQuestion`) VALUES (46, 1, 10, 'Question1', 1, 'Complement47');
INSERT INTO `xoops_quest_questions` (`IdQuestion`, `IdQuestionnaire`, `IdCategorie`, `TexteQuestion`, `OrdreQuestion`, `ComplementQuestion`) VALUES (47, 1, 10, 'Question2', 2, 'Complement48');
INSERT INTO `xoops_quest_questions` (`IdQuestion`, `IdQuestionnaire`, `IdCategorie`, `TexteQuestion`, `OrdreQuestion`, `ComplementQuestion`) VALUES (48, 1, 10, 'Question3', 3, 'Complement49');
INSERT INTO `xoops_quest_questions` (`IdQuestion`, `IdQuestionnaire`, `IdCategorie`, `TexteQuestion`, `OrdreQuestion`, `ComplementQuestion`) VALUES (49, 1, 10, 'Question4', 4, 'Complement50');
INSERT INTO `xoops_quest_questions` (`IdQuestion`, `IdQuestionnaire`, `IdCategorie`, `TexteQuestion`, `OrdreQuestion`, `ComplementQuestion`) VALUES (50, 1, 10, 'Question5', 5, 'Complement51');

INSERT INTO `xoops_quest_reponses` (`IdReponse`, `IdQuestionnaire`, `IdCategorie`, `IdRespondant`, `IdQuestion`, `Id_CAC1`, `Id_CAC2`, `DateReponse`, `IP`) VALUES (30, 1, 1, 1, 5, 15, 5, 1150907683, '127.0.0.1');
INSERT INTO `xoops_quest_reponses` (`IdReponse`, `IdQuestionnaire`, `IdCategorie`, `IdRespondant`, `IdQuestion`, `Id_CAC1`, `Id_CAC2`, `DateReponse`, `IP`) VALUES (29, 1, 1, 1, 4, 14, 4, 1150907682, '127.0.0.1');
INSERT INTO `xoops_quest_reponses` (`IdReponse`, `IdQuestionnaire`, `IdCategorie`, `IdRespondant`, `IdQuestion`, `Id_CAC1`, `Id_CAC2`, `DateReponse`, `IP`) VALUES (28, 1, 1, 1, 3, 13, 3, 1150907682, '127.0.0.1');
INSERT INTO `xoops_quest_reponses` (`IdReponse`, `IdQuestionnaire`, `IdCategorie`, `IdRespondant`, `IdQuestion`, `Id_CAC1`, `Id_CAC2`, `DateReponse`, `IP`) VALUES (27, 1, 1, 1, 2, 12, 2, 1150907681, '127.0.0.1');
INSERT INTO `xoops_quest_reponses` (`IdReponse`, `IdQuestionnaire`, `IdCategorie`, `IdRespondant`, `IdQuestion`, `Id_CAC1`, `Id_CAC2`, `DateReponse`, `IP`) VALUES (26, 1, 1, 1, 1, 12, 1, 1150908634, '127.0.0.1');
INSERT INTO `xoops_quest_reponses` (`IdReponse`, `IdQuestionnaire`, `IdCategorie`, `IdRespondant`, `IdQuestion`, `Id_CAC1`, `Id_CAC2`, `DateReponse`, `IP`) VALUES (6, 1, 2, 1, 6, 11, 4, 1150834014, '127.0.0.1');
INSERT INTO `xoops_quest_reponses` (`IdReponse`, `IdQuestionnaire`, `IdCategorie`, `IdRespondant`, `IdQuestion`, `Id_CAC1`, `Id_CAC2`, `DateReponse`, `IP`) VALUES (7, 1, 2, 1, 7, 12, 4, 1150834095, '127.0.0.1');
INSERT INTO `xoops_quest_reponses` (`IdReponse`, `IdQuestionnaire`, `IdCategorie`, `IdRespondant`, `IdQuestion`, `Id_CAC1`, `Id_CAC2`, `DateReponse`, `IP`) VALUES (8, 1, 2, 1, 8, 13, 4, 1150834096, '127.0.0.1');
INSERT INTO `xoops_quest_reponses` (`IdReponse`, `IdQuestionnaire`, `IdCategorie`, `IdRespondant`, `IdQuestion`, `Id_CAC1`, `Id_CAC2`, `DateReponse`, `IP`) VALUES (9, 1, 2, 1, 9, 14, 4, 1150834098, '127.0.0.1');
INSERT INTO `xoops_quest_reponses` (`IdReponse`, `IdQuestionnaire`, `IdCategorie`, `IdRespondant`, `IdQuestion`, `Id_CAC1`, `Id_CAC2`, `DateReponse`, `IP`) VALUES (10, 1, 2, 1, 10, 15, 4, 1150834097, '127.0.0.1');
INSERT INTO `xoops_quest_reponses` (`IdReponse`, `IdQuestionnaire`, `IdCategorie`, `IdRespondant`, `IdQuestion`, `Id_CAC1`, `Id_CAC2`, `DateReponse`, `IP`) VALUES (11, 1, 3, 1, 15, 13, 10, 1150834119, '127.0.0.1');
INSERT INTO `xoops_quest_reponses` (`IdReponse`, `IdQuestionnaire`, `IdCategorie`, `IdRespondant`, `IdQuestion`, `Id_CAC1`, `Id_CAC2`, `DateReponse`, `IP`) VALUES (12, 1, 3, 1, 14, 14, 9, 1150834121, '127.0.0.1');
INSERT INTO `xoops_quest_reponses` (`IdReponse`, `IdQuestionnaire`, `IdCategorie`, `IdRespondant`, `IdQuestion`, `Id_CAC1`, `Id_CAC2`, `DateReponse`, `IP`) VALUES (13, 1, 3, 1, 13, 15, 8, 1150834122, '127.0.0.1');
INSERT INTO `xoops_quest_reponses` (`IdReponse`, `IdQuestionnaire`, `IdCategorie`, `IdRespondant`, `IdQuestion`, `Id_CAC1`, `Id_CAC2`, `DateReponse`, `IP`) VALUES (14, 1, 3, 1, 12, 16, 7, 1150834123, '127.0.0.1');
INSERT INTO `xoops_quest_reponses` (`IdReponse`, `IdQuestionnaire`, `IdCategorie`, `IdRespondant`, `IdQuestion`, `Id_CAC1`, `Id_CAC2`, `DateReponse`, `IP`) VALUES (15, 1, 3, 1, 11, 17, 6, 1150834124, '127.0.0.1');
INSERT INTO `xoops_quest_reponses` (`IdReponse`, `IdQuestionnaire`, `IdCategorie`, `IdRespondant`, `IdQuestion`, `Id_CAC1`, `Id_CAC2`, `DateReponse`, `IP`) VALUES (16, 1, 4, 1, 16, 13, 8, 1150834168, '127.0.0.1');
INSERT INTO `xoops_quest_reponses` (`IdReponse`, `IdQuestionnaire`, `IdCategorie`, `IdRespondant`, `IdQuestion`, `Id_CAC1`, `Id_CAC2`, `DateReponse`, `IP`) VALUES (17, 1, 4, 1, 17, 12, 7, 1150834167, '127.0.0.1');
INSERT INTO `xoops_quest_reponses` (`IdReponse`, `IdQuestionnaire`, `IdCategorie`, `IdRespondant`, `IdQuestion`, `Id_CAC1`, `Id_CAC2`, `DateReponse`, `IP`) VALUES (18, 1, 4, 1, 18, 11, 6, 1150834160, '127.0.0.1');
INSERT INTO `xoops_quest_reponses` (`IdReponse`, `IdQuestionnaire`, `IdCategorie`, `IdRespondant`, `IdQuestion`, `Id_CAC1`, `Id_CAC2`, `DateReponse`, `IP`) VALUES (19, 1, 4, 1, 19, 12, 7, 1150834161, '127.0.0.1');
INSERT INTO `xoops_quest_reponses` (`IdReponse`, `IdQuestionnaire`, `IdCategorie`, `IdRespondant`, `IdQuestion`, `Id_CAC1`, `Id_CAC2`, `DateReponse`, `IP`) VALUES (20, 1, 4, 1, 20, 13, 8, 1150834163, '127.0.0.1');
INSERT INTO `xoops_quest_reponses` (`IdReponse`, `IdQuestionnaire`, `IdCategorie`, `IdRespondant`, `IdQuestion`, `Id_CAC1`, `Id_CAC2`, `DateReponse`, `IP`) VALUES (21, 1, 5, 1, 21, 11, 8, 1150834199, '127.0.0.1');
INSERT INTO `xoops_quest_reponses` (`IdReponse`, `IdQuestionnaire`, `IdCategorie`, `IdRespondant`, `IdQuestion`, `Id_CAC1`, `Id_CAC2`, `DateReponse`, `IP`) VALUES (22, 1, 5, 1, 22, 12, 7, 1150834198, '127.0.0.1');
INSERT INTO `xoops_quest_reponses` (`IdReponse`, `IdQuestionnaire`, `IdCategorie`, `IdRespondant`, `IdQuestion`, `Id_CAC1`, `Id_CAC2`, `DateReponse`, `IP`) VALUES (23, 1, 5, 1, 23, 12, 7, 1150834197, '127.0.0.1');
INSERT INTO `xoops_quest_reponses` (`IdReponse`, `IdQuestionnaire`, `IdCategorie`, `IdRespondant`, `IdQuestion`, `Id_CAC1`, `Id_CAC2`, `DateReponse`, `IP`) VALUES (24, 1, 5, 1, 24, 12, 7, 1150834196, '127.0.0.1');
INSERT INTO `xoops_quest_reponses` (`IdReponse`, `IdQuestionnaire`, `IdCategorie`, `IdRespondant`, `IdQuestion`, `Id_CAC1`, `Id_CAC2`, `DateReponse`, `IP`) VALUES (25, 1, 5, 1, 25, 11, 8, 1150834195, '127.0.0.1');
INSERT INTO `xoops_quest_reponses` (`IdReponse`, `IdQuestionnaire`, `IdCategorie`, `IdRespondant`, `IdQuestion`, `Id_CAC1`, `Id_CAC2`, `DateReponse`, `IP`) VALUES (31, 1, 10, 1, 46, 0, 3, 1150911435, '127.0.0.1');
INSERT INTO `xoops_quest_reponses` (`IdReponse`, `IdQuestionnaire`, `IdCategorie`, `IdRespondant`, `IdQuestion`, `Id_CAC1`, `Id_CAC2`, `DateReponse`, `IP`) VALUES (32, 1, 10, 1, 47, 11, 5, 1150913197, '127.0.0.1');
INSERT INTO `xoops_quest_reponses` (`IdReponse`, `IdQuestionnaire`, `IdCategorie`, `IdRespondant`, `IdQuestion`, `Id_CAC1`, `Id_CAC2`, `DateReponse`, `IP`) VALUES (33, 1, 10, 1, 48, 0, 7, 1150911438, '127.0.0.1');
INSERT INTO `xoops_quest_reponses` (`IdReponse`, `IdQuestionnaire`, `IdCategorie`, `IdRespondant`, `IdQuestion`, `Id_CAC1`, `Id_CAC2`, `DateReponse`, `IP`) VALUES (34, 1, 10, 1, 49, 11, 0, 1150911439, '127.0.0.1');
INSERT INTO `xoops_quest_reponses` (`IdReponse`, `IdQuestionnaire`, `IdCategorie`, `IdRespondant`, `IdQuestion`, `Id_CAC1`, `Id_CAC2`, `DateReponse`, `IP`) VALUES (35, 1, 10, 1, 50, 11, 9, 1150911442, '127.0.0.1');
INSERT INTO `xoops_quest_reponses` (`IdReponse`, `IdQuestionnaire`, `IdCategorie`, `IdRespondant`, `IdQuestion`, `Id_CAC1`, `Id_CAC2`, `DateReponse`, `IP`) VALUES (36, 1, 6, 1, 30, 11, 10, 1150913173, '127.0.0.1');
INSERT INTO `xoops_quest_reponses` (`IdReponse`, `IdQuestionnaire`, `IdCategorie`, `IdRespondant`, `IdQuestion`, `Id_CAC1`, `Id_CAC2`, `DateReponse`, `IP`) VALUES (37, 1, 6, 1, 29, 12, 9, 1150913172, '127.0.0.1');
INSERT INTO `xoops_quest_reponses` (`IdReponse`, `IdQuestionnaire`, `IdCategorie`, `IdRespondant`, `IdQuestion`, `Id_CAC1`, `Id_CAC2`, `DateReponse`, `IP`) VALUES (38, 1, 6, 1, 28, 11, 10, 1150913171, '127.0.0.1');
INSERT INTO `xoops_quest_reponses` (`IdReponse`, `IdQuestionnaire`, `IdCategorie`, `IdRespondant`, `IdQuestion`, `Id_CAC1`, `Id_CAC2`, `DateReponse`, `IP`) VALUES (39, 1, 6, 1, 27, 12, 9, 1150913171, '127.0.0.1');
INSERT INTO `xoops_quest_reponses` (`IdReponse`, `IdQuestionnaire`, `IdCategorie`, `IdRespondant`, `IdQuestion`, `Id_CAC1`, `Id_CAC2`, `DateReponse`, `IP`) VALUES (40, 1, 6, 1, 26, 11, 10, 1150913170, '127.0.0.1');
INSERT INTO `xoops_quest_reponses` (`IdReponse`, `IdQuestionnaire`, `IdCategorie`, `IdRespondant`, `IdQuestion`, `Id_CAC1`, `Id_CAC2`, `DateReponse`, `IP`) VALUES (41, 1, 9, 1, 41, 11, 1, 1150913219, '127.0.0.1');
INSERT INTO `xoops_quest_reponses` (`IdReponse`, `IdQuestionnaire`, `IdCategorie`, `IdRespondant`, `IdQuestion`, `Id_CAC1`, `Id_CAC2`, `DateReponse`, `IP`) VALUES (42, 1, 9, 1, 42, 12, 2, 1150913218, '127.0.0.1');
INSERT INTO `xoops_quest_reponses` (`IdReponse`, `IdQuestionnaire`, `IdCategorie`, `IdRespondant`, `IdQuestion`, `Id_CAC1`, `Id_CAC2`, `DateReponse`, `IP`) VALUES (43, 1, 9, 1, 43, 13, 2, 1150913217, '127.0.0.1');
INSERT INTO `xoops_quest_reponses` (`IdReponse`, `IdQuestionnaire`, `IdCategorie`, `IdRespondant`, `IdQuestion`, `Id_CAC1`, `Id_CAC2`, `DateReponse`, `IP`) VALUES (44, 1, 9, 1, 45, 11, 3, 1150913216, '127.0.0.1');
INSERT INTO `xoops_quest_reponses` (`IdReponse`, `IdQuestionnaire`, `IdCategorie`, `IdRespondant`, `IdQuestion`, `Id_CAC1`, `Id_CAC2`, `DateReponse`, `IP`) VALUES (45, 1, 9, 1, 44, 12, 0, 1150913217, '127.0.0.1');
INSERT INTO `xoops_quest_reponses` (`IdReponse`, `IdQuestionnaire`, `IdCategorie`, `IdRespondant`, `IdQuestion`, `Id_CAC1`, `Id_CAC2`, `DateReponse`, `IP`) VALUES (46, 1, 8, 1, 37, 0, 2, 1150913228, '127.0.0.1');
INSERT INTO `xoops_quest_reponses` (`IdReponse`, `IdQuestionnaire`, `IdCategorie`, `IdRespondant`, `IdQuestion`, `Id_CAC1`, `Id_CAC2`, `DateReponse`, `IP`) VALUES (47, 1, 8, 1, 40, 11, 0, 1150913230, '127.0.0.1');


INSERT INTO `xoops_quest_rubrcomment` (`IdRubrComment`, `IdRespondant`, `IdQuestionnaire`, `IdCategorie`, `Comment1`, `Comment2`, `Comment3`, `DateReponse`, `IP`) VALUES (2, 1, 1, 1, 'coucou1', 'coucou2', 'coucou3', 1150911271, '127.0.0.1');
INSERT INTO `xoops_quest_rubrcomment` (`IdRubrComment`, `IdRespondant`, `IdQuestionnaire`, `IdCategorie`, `Comment1`, `Comment2`, `Comment3`, `DateReponse`, `IP`) VALUES (3, 1, 1, 10, 'commentaire1', 'commentaire2', 'commentaire3', 1150911457, '127.0.0.1');
INSERT INTO `xoops_quest_rubrcomment` (`IdRubrComment`, `IdRespondant`, `IdQuestionnaire`, `IdCategorie`, `Comment1`, `Comment2`, `Comment3`, `DateReponse`, `IP`) VALUES (4, 1, 1, 6, 'coucou1', 'coucou2', 'coucou3', 1150913186, '127.0.0.1');
