INSERT INTO `xoops_quest_enquetes` (`IdEnquete`, `NomEnquete`, `PrenomEnquete`, `TypeEnquete`, `login`, `password`) VALUES (1, 'Blanc Mont', '(Asc)', 1, 'hthouzard', '4efc486b1380fbfcfafa7930f64e1d83'),
(2, 'Grasshopper', 'Zurich', 1, 'hthouzard', '4efc486b1380fbfcfafa7930f64e1d83');


INSERT INTO `xoops_quest_questionnaires` (`IdQuestionnaire`, `LibelleQuestionnaire`, `IdEnquete`, `DateOuverture`, `DateFermeture`, `NbSessions`, `Etat`, `ltor`, `SujetRelance`, `CorpsRelance`, `SujetOuverture`, `CorpsOuverture`, `FrequenceRelances`, `DerniereRelance`, `ReplyTo`, `Groupe`) VALUES (1, 'Les conséquences du Nutella sur la créativité', 1, 1146921837, 1179183661, 1, 1, 0, 'Vous n''avez pas répondu', 'Lorem ipsum dolor sit amet, consectetuer adipiscing elit, sed diam nonummy nibh euismod tincidunt ut laoreet dolore magna aliquam erat volutpat. Ut wisi enim ad minim veniam, quis nostrud exerci tation ullamcorper suscipit lobortis nisl ut aliquip ex ea commodo consequat. Duis autem vel eum iriure dolor in hendrerit in vulputate velit esse molestie consequat, vel illum dolore eu feugiat nulla facilisis at vero eros et accumsan et iusto odio dignissim qui blandit praesent luptatum zzril delenit augue duis dolore te feugait nulla facilisi.\r\n\r\n', 'L''analyse nutritionnelle de Nutella réserve bien des surprises ! ...', 'Il fut longtemps difficile de croire que le délicieux mélange de beurre de cacao, de sucre et de lait, qui fond dans la bouche et stimule tellement nos sens, puisse également nous être bénéfique.\r\nEt pourtant, de récentes recherches démontrent que, contrairement à l’opinion trop longtemps répandue selon laquelle tout ce qui a bon goût doit forcément être mauvais pour la santé, le chocolat est un cocktail de substances potentiellement protectrices pour l’organisme.\r\nLes scientifiques ont, par exemple, démontré le rôle positif des nombreux antioxydants présents dans le cacao.\r\nCeux-ci contribuent à protéger contre l’oxydation du cholestérol\r\nOn a décelé un groupe de “polyphénols” (antioxydants) dans le chocolat noir comme dans le chocolat au lait.\r\nIl apparaît qu’ils joueraient un rôle dans la prévention des maladies cardio-vasculaires, amélioreraient le système immunitaire, voire participeraient à la diminution des risques de certaines maladies. Affaire à suivre.', 5, 1146921837, '4efc486b1380fbfcfafa7930f64e1d83', 'herve@herve-thouzard.com', 1),
(2, 'Ils font du chocolat en Suisse', 2, 1149072469, 1179183661, 3, 0, 0, 'sujet relance questionnaire', 'Merci de bien vouloir répondre dans les délais au questionnaire .......', 'Est-il meilleur qu''en France', 'Il semblerait que ......lorem ipsum et consorts', 0, 0, '', 2);



INSERT INTO `xoops_quest_categories` (`IdCategorie`, `IdQuestionnaire`, `LibelleCategorie`, `LibelleCompltCategorie`, `OrdreCategorie`, `AfficherDroite`, `AfficherGauche`, `comment1`, `comment2`, `comment3`) VALUES (1, 1, '1. Client leadership', 'To what extent does this person build Client impact and ...', 1, 1, 0, 'This person is especially helpful in ', 'This person could help more by ', 'Other comments ');
INSERT INTO `xoops_quest_categories` (`IdCategorie`, `IdQuestionnaire`, `LibelleCategorie`, `LibelleCompltCategorie`, `OrdreCategorie`, `AfficherDroite`, `AfficherGauche`, `comment1`, `comment2`, `comment3`) VALUES (2, 1, '2. Entrepreneurial leadership', 'To what extent does this person', 2, 1, 0, 'This person is especially helpful in ', 'This person could help more by ', 'Other comments ');
INSERT INTO `xoops_quest_categories` (`IdCategorie`, `IdQuestionnaire`, `LibelleCategorie`, `LibelleCompltCategorie`, `OrdreCategorie`, `AfficherDroite`, `AfficherGauche`, `comment1`, `comment2`, `comment3`) VALUES (3, 1, '3. Problem solving leadership', 'To what extent does this person contribute to problem solving and help the team to ...', 3, 1, 0, 'This person is especially helpful in ', 'This person could help more by ', 'Other comments ');
INSERT INTO `xoops_quest_categories` (`IdCategorie`, `IdQuestionnaire`, `LibelleCategorie`, `LibelleCompltCategorie`, `OrdreCategorie`, `AfficherDroite`, `AfficherGauche`, `comment1`, `comment2`, `comment3`) VALUES (4, 1, '4. People leadership', 'To what extend does this person ....', 4, 1, 0, 'This person is especially helpful in ', 'This person could help more by ', 'Other comments ');
INSERT INTO `xoops_quest_categories` (`IdCategorie`, `IdQuestionnaire`, `LibelleCategorie`, `LibelleCompltCategorie`, `OrdreCategorie`, `AfficherDroite`, `AfficherGauche`, `comment1`, `comment2`, `comment3`) VALUES (5, 1, '5. General comment', 'To what extent.....', 7, 1, 0, 'Please describe the three best consulting skills employed by this person ', 'Please describe the key consulting skills this person could work on and develop ', 'Additional comments :');
INSERT INTO `xoops_quest_categories` (`IdCategorie`, `IdQuestionnaire`, `LibelleCategorie`, `LibelleCompltCategorie`, `OrdreCategorie`, `AfficherDroite`, `AfficherGauche`, `comment1`, `comment2`, `comment3`) VALUES (6, 2, '1. Client leadership', 'To what extent does this person build Client impact and ...', 1, 1, 1,  'This person is especially helpful in ', 'This person could help more by ', 'Other comments ');
INSERT INTO `xoops_quest_categories` (`IdCategorie`, `IdQuestionnaire`, `LibelleCategorie`, `LibelleCompltCategorie`, `OrdreCategorie`, `AfficherDroite`, `AfficherGauche`, `comment1`, `comment2`, `comment3`) VALUES (7, 2, '2. Entrepreneurial leadership', 'To what extent does this person', 2, 1, 1, 'This person is especially helpful in ', 'This person could help more by ', 'Other comments ');
INSERT INTO `xoops_quest_categories` (`IdCategorie`, `IdQuestionnaire`, `LibelleCategorie`, `LibelleCompltCategorie`, `OrdreCategorie`, `AfficherDroite`, `AfficherGauche`, `comment1`, `comment2`, `comment3`) VALUES (8, 2, '3. Problem solving leadership', 'To what extent does this person contribute to problem solving and help the team to ...', 3, 1, 1, 'This person is especially helpful in ', 'This person could help more by ', 'Other comments ');
INSERT INTO `xoops_quest_categories` (`IdCategorie`, `IdQuestionnaire`, `LibelleCategorie`, `LibelleCompltCategorie`, `OrdreCategorie`, `AfficherDroite`, `AfficherGauche`, `comment1`, `comment2`, `comment3`) VALUES (9, 2, '4. People leadership', 'To what extend does this person ....', 4, 1, 1, 'This person is especially helpful in ', 'This person could help more by ', 'Other comments ');
INSERT INTO `xoops_quest_categories` (`IdCategorie`, `IdQuestionnaire`, `LibelleCategorie`, `LibelleCompltCategorie`, `OrdreCategorie`, `AfficherDroite`, `AfficherGauche`, `comment1`, `comment2`, `comment3`) VALUES (10, 2, '5. Study management', 'To what extent does this person.....', 5, 1, 1, 'This person is especially helpful in ', 'This person could help more by ', 'Other comments ');
INSERT INTO `xoops_quest_categories` (`IdCategorie`, `IdQuestionnaire`, `LibelleCategorie`, `LibelleCompltCategorie`, `OrdreCategorie`, `AfficherDroite`, `AfficherGauche`, `comment1`, `comment2`, `comment3`) VALUES (11, 2, '6. Personal impact', 'To what does this person....', 6, 1, 1, 'comments', '', '');
INSERT INTO `xoops_quest_categories` (`IdCategorie`, `IdQuestionnaire`, `LibelleCategorie`, `LibelleCompltCategorie`, `OrdreCategorie`, `AfficherDroite`, `AfficherGauche`, `comment1`, `comment2`, `comment3`) VALUES (12, 2, '7. General comment', 'To what extent.....', 7, 1, 1, 'Please describe the three best consulting skills employed by this person :', 'Please describe the key consulting skills this person could work on and develop :', 'Additional comments :');



INSERT INTO `xoops_quest_questions` (`IdQuestion`, `IdQuestionnaire`, `IdCategorie`, `TexteQuestion`, `OrdreQuestion`, `ComplementQuestion`) VALUES (1, 1, 1, 'Strive to bring maximum value to the Client', 1, 'Show deep personal commitment to achieving Client impact'),
(2, 1, 1, 'Challenge the Client\'s views on critical issues', 2, ''),
(3, 1, 1, 'Be objective and candid with the Client', 3, ' be willing to deliver bad news if necessary'),
(4, 1, 1, 'Build relationships with key members of the Client management', 4, ''),
(5, 1, 1, 'Gain the Client\'s confidence and establish the Firm''s credibility', 5, ''),
(6, 1, 1, 'Achieve broad buy-in from the Client organization to ensure implementation', 6, ''),
(7, 1, 2, 'Discover or create opportunities before others are aware of them', 7, ''),
(8, 1, 2, 'Act decisively when faced with opportunity or challenge and be quick to take the initiative', 8, ''),
(9, 1, 3, 'Quickly identify and monitor core issues and maintain focus on important issues throughout the study', 9, ''),
(10, 1, 3, 'Structure and disaggregate problems in an effective way', 10, ''),
(11, 1, 3, 'Develop outstanding insights and frameworks to address core issues', 11, ''),
(12, 1, 3, 'Reach out for the best Firm know-how and bring it to bear at the Client', 12, ''),
(13, 1, 3, 'Develop and communicate actionable recommendations by balancing conceptual skills with good judgement on real-world constraints', 13, ''),
(14, 1, 3, 'Promote a climate of continuous learning - seek to learn, not to blame when mistakes or failures occur', 14, ''),
(15, 1, 3, 'Effectively resolve conflicts', 15, ''),
(16, 1, 4, 'Show respect for each individual\'s intellectual contribution', 16, ''),
(17, 1, 4, 'Build your confidence and encourage people in taking initiatives/risks', 17, ''),
(18, 1, 4, 'Give immediate and specific feedback when possible', 18, ''),
(19, 1, 4, 'Commit sufficient time to help team members achieve their objectives', 19, ''),
(20, 1, 4, 'Disclose his/her personal views and feelings', 20, ''),
(21, 1, 4, 'Demonstrate excellent listening skills', 21, ''),
(22, 1, 4, 'Admit mistakes and react constructively', 22, ''),
(23, 1, 5, 'Were you impressed by the consulting skills of this person', 23, ''),
(24, 1, 5, 'Would you like to work with this person again', 24, ''),
(25, 1, 5, 'Do you consider this person a role model for yourself', 25, ''),
(26, 1, 6, 'Does this person radiate a sense of fun and excitement', 26, ''),
(27, 2, 1, 'Strive to bring maximum value to the Client (Show deep personal commitment to achieving Client impact)', 1, ''),
(28, 2, 1, 'Challenge the Client''s views on critical issues', 2, ''),
(29, 2, 1, 'Manage realistic Client expectations of the study', 3, ''),
(30, 2, 1, 'Be objective and candid with the Client - be willing to deliver bad news if necessary', 4, ''),
(31, 2, 1, 'Build relationships with key members of the Client management', 5, ''),
(32, 2, 1, 'Alert the Client to important issues outside the study scope', 6, ''),
(33, 2, 1, 'Gain the Client\'s confidence and establish the Firm\'s credibility', 7, ''),
(34, 2, 1, 'Achieve broad buy-in from the Client organization to ensure implementation', 8, ''),
(35, 2, 2, 'Discover or create opportunities before others are aware of them', 9, ''),
(36, 2, 2, 'Act decisively when faced with opportunity or challenge and be quick to take the initiative', 10, ''),
(37, 2, 3, 'Quickly identify and monitor core issues and maintain focus on important issues throughout the study', 12, ''),
(38, 2, 3, 'Structure and disaggregate problems in an effective way', 13, ''),
(39, 2, 3, 'Develop outstanding insights and frameworks to address core issues', 14, ''),
(40, 2, 3, 'Reach out for the best Firm know-how and bring it to bear at the Client', 15, ''),
(41, 2, 3, 'Develop and communicate actionable recommendations by balancing conceptual skills with good judgement on real-world constraints', 16, ''),
(42, 2, 4, 'Promote a climate of continuous learning - seek to learn, not to blame when mistakes or failures occur', 17, ''),
(43, 2, 4, 'Effectively resolve conflicts', 18, ''),
(44, 2, 4, 'Show respect for each individual\'s intellectual contribution', 19, ''),
(45, 2, 4, 'Build your confidence and encourage people in taking initiatives/risks', 20, ''),
(46, 2, 4, 'Give immediate and specific feedback when possible', 21, ''),
(47, 2, 4, 'Commit sufficient time to help team members achieve their objectives', 22, ''),
(48, 2, 4, 'Disclose his/her personal views and feelings', 23, ''),
(49, 2, 4, 'Show sensitivity to the balance between the study and people''s private life', 24, ''),
(50, 2, 4, 'Demonstrate excellent listening skills', 25, ''),
(51, 2, 4, 'Admit mistakes and react constructively', 26, ''),
(52, 2, 5, 'Ensure study objectives are clearly understood', 27, ''),
(53, 2, 5, 'Ensure each team member is clear about his/her role and responsibility', 28, ''),
(54, 2, 5, 'Quickly establish effective working practices (structured team meetings, interview guides, etc.)', 29, ''),
(55, 2, 5, 'Discuss and help clarify the Client''s problems for the team early in the project', 30, ''),
(56, 2, 5, 'Manage MGMs effectively', 31, ''),
(57, 2, 5, 'Ensure that team meetings are held with appropriate frequency', 32, ''),
(58, 2, 5, 'Set realistic deadlines', 33, ''),
(59, 2, 5, 'Avoid unnecessary work', 34, ''),
(60, 2, 5, 'Effectively leverage Firm resources', 35, ''),
(61, 2, 5, 'Effectively manage Client team members', 36, '');

INSERT INTO `xoops_quest_cac` (`IdCAC`, `LibelleCAC`, `LibelleCourtCac`) VALUES (1, 'G1 long', 'G1'),
(2, 'G2 long', 'G2'),
(3, 'G3 long', 'G3'),
(4, 'G4 long', 'G4'),
(5, 'G5 long', 'G5'),
(6, 'G6 long', 'G6'),
(7, 'G7 long', 'G7'),
(8, 'G8 long', 'G8'),
(9, 'G9 long', 'G9'),
(10, 'Not at all', 'N'),
(11, 'Little', 'L'),
(12, 'Somewhat', 'SW'),
(13, 'Much', 'M'),
(14, 'Great deal', 'GD'),
(15, 'No information', 'NI'),
(16, 'D6 long', 'D6'),
(17, 'D7 long', 'D7'),
(18, 'D8 long', 'D8'),
(19, 'D9 long', 'D9'),
(20, 'D10 long', 'D10'),
(21, 'Potential problem : Somes issues, laps in behaviour', '1'),
(22, 'Neutral : Not contibutive positively', '2'),
(23, 'Acceptable : Strong, good role model', '3'),
(24, 'Exceptionnal : Truly distinctive, infectious to others', '4');

INSERT INTO `xoops_quest_cac_categories` (`IdCac_categories`, `IdCAC`, `IdCategorie`, `DroiteGauche`, `Ordre`) VALUES (1, 10, 1, 2, 1),
(2, 11, 1, 2, 2),
(3, 12, 1, 2, 3),
(4, 13, 1, 2, 4),
(5, 14, 1, 2, 5),
(6, 15, 1, 2, 6),
(7, 10, 1, 2, 1),
(8, 11, 2, 2, 2),
(9, 12, 2, 2, 3),
(10, 13, 2, 2, 4),
(11, 14, 2, 2, 5),
(12, 15, 2, 2, 6),
(13, 10, 3, 2, 1),
(14, 11, 3, 2, 2),
(15, 12, 3, 2, 3),
(16, 13, 3, 2, 4),
(17, 14, 3, 2, 5),
(18, 15, 3, 2, 6),
(19, 10, 4, 2, 1),
(20, 11, 4, 2, 2),
(21, 12, 4, 2, 3),
(22, 13, 4, 2, 4),
(23, 14, 4, 2, 5),
(24, 15, 4, 2, 6),
(25, 10, 5, 2, 1),
(26, 11, 5, 2, 2),
(27, 12, 5, 2, 3),
(28, 13, 5, 2, 4),
(29, 14, 5, 2, 5),
(30, 15, 5, 2, 6),
(31, 10, 6, 2, 1),
(32, 11, 6, 2, 2),
(33, 12, 6, 2, 3),
(34, 13, 6, 2, 4),
(35, 14, 6, 2, 5),
(36, 15, 6, 2, 6),
(37, 10, 7, 2, 1),
(38, 11, 7, 2, 2),
(39, 12, 7, 2, 3),
(40, 13, 7, 2, 4),
(41, 14, 7, 2, 5),
(42, 15, 7, 2, 6),
(43, 10, 8, 2, 1),
(44, 11, 8, 2, 2),
(45, 12, 8, 2, 3),
(46, 13, 8, 2, 4),
(47, 14, 8, 2, 5),
(48, 15, 8, 2, 6),
(49, 10, 9, 2, 1),
(50, 11, 9, 2, 2),
(51, 12, 9, 2, 3),
(52, 13, 9, 2, 4),
(53, 14, 9, 2, 5),
(54, 15, 9, 2, 6),
(55, 10, 10, 2, 1),
(56, 11, 10, 2, 2),
(57, 12, 10, 2, 3),
(58, 13, 10, 2, 4),
(59, 14, 10, 2, 5),
(60, 15, 10, 2, 6),
(61, 10, 11, 2, 1),
(62, 11, 11, 2, 2),
(63, 12, 11, 2, 3),
(64, 13, 11, 2, 4),
(65, 14, 11, 2, 5),
(66, 15, 11, 2, 6),
(67, 10, 12, 2, 1),
(68, 11, 12, 2, 2),
(69, 12, 12, 2, 3),
(70, 13, 12, 2, 4),
(71, 14, 12, 2, 5),
(72, 15, 12, 2, 6);
